-- Insert data into genres table
INSERT INTO public.genres (id, created_at, genre)
VALUES
(28, NOW(), 'Action'),
(12, NOW(), 'Adventure'),
(16, NOW(), 'Animation'),
(35, NOW(), 'Comedy'),
(80, NOW(), 'Crime'),
(99, NOW(), 'Documentary'),
(18, NOW(), 'Drama'),
(10751, NOW(), 'Family'),
(14, NOW(), 'Fantasy'),
(36, NOW(), 'History'),
(27, NOW(), 'Horror'),
(10402, NOW(), 'Music'),
(9648, NOW(), 'Mystery'),
(10749, NOW(), 'Romance'),
(878, NOW(), 'Science Fiction'),
(10770, NOW(), 'TV Movie'),
(53, NOW(), 'Thriller'),
(10752, NOW(), 'War'),
(37, NOW(), 'Western');

-- Insert data into movies table
INSERT INTO public.movies (id, created_at, backdrop_path, original_language, overview, poster_path, title, vote_average, vote_count, release_date)
VALUES
(968051, NOW(), '/pHdSS5G3wDwJp6jWgMpbSjNiTbr.jpg', 'en', 'In a world of unending brutal gladiatorial combat, Batman, Superman, Wonder Woman and the others must somehow unite to form an unbeatable resistance able to lead an entire planet to freedom.', '/mDfJG3LC3Dqb67AZ52x3Z0jU0uB.jpg', 'Justice League: Warworld', 7.3, 166, '2023-07-25'),
(299536, NOW(), '/7WsyChQLEftFiDOVTGkv3hFpyyt.jpg', 'en', 'As the Avengers and their allies have continued to protect the world from threats too large for any one hero to handle, a new danger has emerged from the cosmic shadows: Thanos. A despot of intergalactic infamy, his goal is to collect all six Infinity Stones, artifacts of unimaginable power, and use them to inflict his twisted will on all of reality.', '/7WsyChQLEftFiDOVTGkv3hFpyyt.jpg', 'Avengers: Infinity War', 8.3, 27728, '2018-04-25'),
(1015936, NOW(), '/4U7lZe2BcuWgUKSJih97XFOWjr5.jpg', 'sv', 'A group of social media experts are hired to help an old family business to strive. But they soon find themselves stuck on a tiny island in a lake in which an ancient Swedish witch is said to live.', '/4U7lZe2BcuWgUKSJih97XFOWjr5.jpg', 'Feed', 6.7, 32, '2022-10-28'),
(840326, NOW(), '/ygO9lowFMXWymATCrhoQXd6gCEh.jpg', 'fi', 'Deep in the wilderness of Lapland, Aatami Korpi is searching for gold but after he stumbles upon Nazi patrol, a breathtaking and gold-hungry chase through the destroyed and mined Lapland wilderness begins.', '/ygO9lowFMXWymATCrhoQXd6gCEh.jpg', 'Sisu', 7.5, 1330, '2023-01-27'),
(852881, NOW(), '/bhozm1Mjn1bkfiwukK5EUj3ecfI.jpg', 'ko', 'Jeong-woo who is tired of instant food and living alone decides to order delivery food. However, Ga-yeong, the delivery driver, is unfriendly even if she was late. To criticize Ga-yeong sarcastically, he asks, "Will you do everything if I give you money?" Ga-yeong takes the words seriously and attacks Jeong-woo''s house.', '/bhozm1Mjn1bkfiwukK5EUj3ecfI.jpg', 'Pretty Young Sister 4', 7.7, 0, '2021-01-15'),
(537915, NOW(), '/u3B2YKUjWABcxXZ6Nm9h10hLUbh.jpg', 'en', 'Tessa Young is a dedicated student, dutiful daughter and loyal girlfriend to her high school sweetheart. Entering her first semester of college, Tessa''s guarded world opens up when she meets Hardin Scott, a mysterious and brooding rebel who makes her question all she thought she knew about herself -- and what she wants out of life.', '/u3B2YKUjWABcxXZ6Nm9h10hLUbh.jpg', 'After', 7.1, 7785, '2019-04-11'),
(1115694, NOW(), '/85N39Re3qw8o52BcmnVlacVPyni.jpg', 'en', 'A series of grisly murders point to the terrifying cryptid.', '/85N39Re3qw8o52BcmnVlacVPyni.jpg', 'Goatman', 6.9, 18, '2023-04-17'),
(813477, NOW(), '/9dTO2RygcDT0cQkawABw4QkDegN.jpg', 'ja', 'A man forced to bear power and stripped of humanity. A woman skeptical of happiness. Takeshi Hongo, an Augmentation made by SHOCKER, and Ruriko Midorikawa, a rebel of the organization, escape while fighting off assassins. What''s justice? What''s evil? Will this violence end? Despite his power, Hongo tries to remain human. Along with freedom, Ruriko has regained a heart. What paths will they choose?', '/9dTO2RygcDT0cQkawABw4QkDegN.jpg', 'Shin Kamen Rider', 7.0, 205, '2023-03-17'),
(505642, NOW(), '/sv1xJUazXeYqALzczSZ3O6nkH75.jpg', 'en', 'Queen Ramonda, Shuri, M''Baku, Okoye and the Dora Milaje fight to protect their nation from intervening world powers in the wake of King T''Challa''s death. As the Wakandans strive to embrace their next chapter, the heroes must band together with the help of War Dog Nakia and Everett Ross and forge a new path for the kingdom of Wakanda.', '/sv1xJUazXeYqALzczSZ3O6nkH75.jpg', 'Black Panther: Wakanda Forever', 7.2, 5487, '2022-11-09'),
(4255, NOW(), '/xz4TgIVfWNlCuCdxkYOfSYXhLgx.jpg', 'en', 'The kids are thrilled that Bernie has come back. But so has their old enemy Winston, who''s about to kidnap the talented dolphin. Kevin and Holly must rescue their splashy friend before it''s too late.', '/xz4TgIVfWNlCuCdxkYOfSYXhLgx.jpg', 'The Party at Kitty and Stud''s', 3.5, 62, '1970-02-10'),
(1061181, NOW(), '/lm5LF2eyCcBdCEfvpeyvpujOyPb.jpg', 'ja', 'It follows Li Xin and Wang Qi as they stand on the battlefield for the first time to fight off an invasion by Zhao, and it also follows Ying Zheng''s unknown past.', '/lm5LF2eyCcBdCEfvpeyvpujOyPb.jpg', 'Kingdom 3: The Flame of Fate', 7.6, 0, '2023-07-28'),
(977246, NOW(), '/oGNJSxvLqvbHEYfKnR2Mmx3pY7E.jpg', 'es', 'Chiloé Island, 1880. Rosa Raín is a Huilliche girl who, after the murder of her father at the hands of German settlers, seeks justice with Mateo, leader of an organization of sorcerers called "La Recta Provincia".', '/oGNJSxvLqvbHEYfKnR2Mmx3pY7E.jpg', 'Sorcery', 6.5, 23, '2023-01-21'),
(616747, NOW(), '/8Im6DknDVxRiGXc5t8rVOJyzuNx.jpg', 'en', 'A woman and her son enlist a motley crew of so-called spiritual experts to help rid their home of supernatural squatters.', '/8Im6DknDVxRiGXc5t8rVOJyzuNx.jpg', 'Haunted Mansion', 6.8, 221, '2023-07-26'),
(1103825, NOW(), '/c3CUKHtQUvPvp9NSFsKwYsPLAdW.jpg', 'en', 'Three young astronomers fight to survive a deadly Martian invasion.', '/c3CUKHtQUvPvp9NSFsKwYsPLAdW.jpg', 'War of the Worlds: The Attack', 5.3, 127, '2023-04-21'),
(995012, NOW(), '/wmTOuCeJnTPaAPMK19Y8Ixpi3Gl.jpg', 'en', 'When a professional tutor takes a job at a remote manor, he soon finds himself battling his disturbed student''s obsessions, which threaten to expose his darkest secrets and unravel his carefully crafted persona.', '/wmTOuCeJnTPaAPMK19Y8Ixpi3Gl.jpg', 'The Tutor', 6.4, 59, '2023-03-24'),
(507086, NOW(), '/kAVRgw7GgK1CfYEJq8ME6EvRIgU.jpg', 'en', 'Four years after Isla Nublar was destroyed, dinosaurs now live—and hunt—alongside humans all over the world. This fragile balance will reshape the future and determine, once and for all, whether human beings are to remain the apex predators on a planet they now share with history''s most fearsome creatures.', '/kAVRgw7GgK1CfYEJq8ME6EvRIgU.jpg', 'Jurassic World Dominion', 6.8, 5230, '2022-06-01'),
(1000475, NOW(), '/fffPeOw5Ld8CrI8X9X36wMSzXuX.jpg', 'en', 'Follows a pair of siblings who love but distrust each other as they embark on a white-water rafting trip with a small group. One of their friends from childhood turns out to be more dangerous than he appears.', '/fffPeOw5Ld8CrI8X9X36wMSzXuX.jpg', 'River Wild', 6.6, 95, '2023-08-01'),
(672, NOW(), '/sdEOH0992YZ0QSxgXNI GLq1ToUi.jpg', 'en', 'Cars fly, trees fight back, and a mysterious house-elf comes to warn Harry Potter at the start of his second year at Hogwarts. Adventure and danger await when bloody writing on a wall announces: The Chamber Of Secrets Has Been Opened. To save Hogwarts will require all of Harry, Ron and Hermione''s magical abilities and courage.', '/sdEOH0992YZ0QSxgXNI GLq1ToUi.jpg', 'Harry Potter and the Chamber of Secrets', 7.7, 20405, '2002-11-13'),
(3933, NOW(), '/isb2Qow76GpqYmsSyfdMfsYAjts.jpg', 'en', 'Set in a 19th-century European village, this stop-motion animation feature follows the story of Victor, a young man whisked away to the underworld and wed to a mysterious corpse bride, while his real bride Victoria waits bereft in the land of the living.', '/isb2Qow76GpqYmsSyfdMfsYAjts.jpg', 'Corpse Bride', 7.5, 8227, '2005-09-12'),
(937249, NOW(), '/dfS5qHWFuXyZQnwYREwb7N4qU5p.jpg', 'en', 'When a tech blogger lands an interview with a tech guru and stops an attack on him, he finds a mysterious ring that takes him back 57 seconds into the past.', '/dfS5qHWFuXyZQnwYREwb7N4qU5p.jpg', '57 Seconds', 5.9, 14, '2023-09-29'),
(427641, NOW(), '/MGADip4thVSErP34FAAfzFBTZ5.jpg', 'en', 'Primatologist Davis Okoye shares an unshakable bond with George, the extraordinarily intelligent, silverback gorilla who has been in his care since birth. But a rogue genetic experiment gone awry mutates this gentle ape into a raging creature of enormous size. To make matters worse, it''s soon discovered there are other similarly altered animals. As these newly created alpha predators tear across North America, destroying everything in their path, Okoye teams with a discredited genetic engineer to secure an antidote, fighting his way through an ever-changing battlefield, not only to halt a global catastrophe but to save the fearsome creature that was once his friend.', '/MGADip4thVSErP34FAAfzFBTZ5.jpg', 'Rampage', 6.5, 6543, '2018-04-11'),
(958182, NOW(), '/uU58hfOpByKiYlXHdH5I9IeMD6R.jpg', 'ko', 'Kang-seo, a prestigious college student who lived as a tutor and a convenience store part-timer received a tutoring request one day. Kang-seo, who was tutoring the gangster''s daughter, goes to bed with the gangster''s newly remarried wife, and is soon threatened by the gangster.', '/uU58hfOpByKiYlXHdH5I9IeMD6R.jpg', 'Dangerous Lesson', 5.3, 0, '2020-10-02'),
(977177, NOW(), '/n6vlQoNDhcyAbI7e3iJrbao5Ic2.jpg', 'th', 'A film inspired by terrifying true events. When the tenants are members of a dark cult, they terrorize the homeowner, looking for their next prey to sacrifice.', '/n6vlQoNDhcyAbI7e3iJrbao5Ic2.jpg', 'Home for Rent', 7.1, 41, '2023-04-06'),
(37265, NOW(), '/u4QZQ0QU2jf5H5qaBRRdGrz7dmy.jpg', 'it', 'After five years of marriage, Diana discovers the joys of adultery, claiming that she can save her failing relationship through betrayal.', '/u4QZQ0QU2jf5H5qaBRRdGrz7dmy.jpg', 'All Ladies Do It', 4.8, 337, '1992-02-21'),
(675353, NOW(), '/6DrHO1jr3qVrViUO6s6kFiAGM7.jpg', 'en', 'After settling in Green Hills, Sonic is eager to prove he has what it takes to be a true hero. His test comes when Dr. Robotnik returns, this time with a new partner, Knuckles, in search for an emerald that has the power to destroy civilizations. Sonic teams up with his own sidekick, Tails, and together they embark on a globe-trotting journey to find the emerald before it falls into the wrong hands.', '/6DrHO1jr3qVrViUO6s6kFiAGM7.jpg', 'Sonic the Hedgehog 2', 7.6, 4231, '2022-04-08'),
(507089, NOW(), '/h3hhfWdBhdb2JLMZprQ1IvBe90h.jpg', 'en', 'Recently fired and desperate for work, a troubled young man named Mike agrees to take a position as a night security guard at an abandoned theme restaurant: Freddy Fazbear''s Pizzeria. But he soon discovers that nothing at Freddy''s is what it seems.', '/h3hhfWdBhdb2JLMZprQ1IvBe90h.jpg', 'Five Nights at Freddy''s', 0.0, 0, '2023-10-25'),
(868759, NOW(), '/liLN69YgoovHVgmlHJ876PKi5Yi.jpg', 'en', 'Salt-of-the-earth Cole falls head over heels for enigmatic Sadie — but then makes the shocking discovery that she''s a secret agent. Before they can decide on a second date, Cole and Sadie are swept away on an international adventure to save the world.', '/liLN69YgoovHVgmlHJ876PKi5Yi.jpg', 'Ghosted', 7.1, 1326, '2023-04-18'),
(856289, NOW(), '/ccJpK0rqzhQeP7Mrs2uKqObFY4L.jpg', 'zh', 'Based on the most well-known classical fantasy novel of China, Fengshenyanyi, the trilogy is a magnificent eastern high fantasy epic that recreates the prolonged mythical wars between humans, immortals and monsters, which happened more than three thousand years ago.', '/ccJpK0rqzhQeP7Mrs2uKqObFY4L.jpg', 'Creation of the Gods I: Kingdom of Storms', 7.4, 96, '2023-07-20'),
(411, NOW(), '/iREd0rNCjYdf5Ar0vfaW32yrkm.jpg', 'en', 'Siblings Lucy, Edmund, Susan and Peter step through a magical wardrobe and find the land of Narnia. There, they discover a charming, once peaceful kingdom that has been plunged into eternal winter by the evil White Witch, Jadis. Aided by the wise and magnificent lion, Aslan, the children lead Narnia into a spectacular, climactic battle to be free of the Witch''s glacial powers forever.', '/iREd0rNCjYdf5Ar0vfaW32yrkm.jpg', 'The Chronicles of Narnia: The Lion, the Witch and the Wardrobe', 7.1, 9819, '2005-12-07'),
(616037, NOW(), '/pIkRyD18kl4FhoCNQuWxWu5cBLM.jpg', 'en', 'After his retirement is interrupted by Gorr the God Butcher, a galactic killer who seeks the extinction of the gods, Thor Odinson enlists the help of King Valkyrie, Korg, and ex-girlfriend Jane Foster, who now wields Mjolnir as the Mighty Thor. Together they embark upon a harrowing cosmic adventure to uncover the mystery of the God Butcher''s vengeance and stop him before it''s too late.', '/pIkRyD18kl4FhoCNQuWxWu5cBLM.jpg', 'Thor: Love and Thunder', 6.6, 616037, '2022-07-06'),
(61108, NOW(), '/zmdzZWk7pvmSh64ztCfAgdhiHBb.jpg', 'fr', 'Journey with Emmanuelle and the world''s most excuisite models deep into the Amazon jungle to the heart of paradise. Beauty can be dangerous and the women soon find themselves captive to a powerful drug lord. Now they must escape from a land of darkness', '/zmdzZWk7pvmSh64ztCfAgdhiHBb.jpg', 'Emmanuelle 6', 4.2, 21, '1988-07-06'),
(991708, NOW(), '/rxBe0Js4dCvp1ZGgHHnBxjtbGPw.jpg', 'es', 'After living for over two centuries, Augusto Pinochet is a vampire ready to die… but the vultures around him won''t let him go without one last bite.', '/rxBe0Js4dCvp1ZGgHHnBxjtbGPw.jpg', 'El Conde', 6.5, 89, '2023-09-08'),
(921452, NOW(), '/6AXHh9H7XeUqxl8Ijp9ADkpxfM0.jpg', 'fr', 'The life of Jeanne Bécu, who was born as the illegitimate daughter of an impoverished seamstress in 1743 and went on to rise through the Court of Louis XV to become his last official mistress.', '/6AXHh9H7XeUqxl8Ijp9ADkpxfM0.jpg', 'Jeanne du Barry', 7.0, 185, '2023-05-16'),
(656216, NOW(), '/kuLyLn0bLCieQabdvGwFj0wV1Cz.jpg', 'en', 'The kids are thrilled that Bernie has come back. But so has their old enemy Winston, who''s about to kidnap the talented dolphin. Kevin and Holly must rescue their splashy friend before it''s too late.', '/kuLyLn0bLCieQabdvGwFj0wV1Cz.jpg', 'Bernie the Dolphin 2', 6.2, 12, '2019-12-17'),
(664767, NOW(), '/4VlXER3FImHeFuUjBShFamhIp9M.jpg', 'en', 'After the vicious slaughter of his family by stone-cold mercenary Sub-Zero, Hanzo Hasashi is exiled to the torturous Netherrealm. There, in exchange for his servitude to the sinister Quan Chi, he''s given a chance to avenge his family – and is resurrected as Scorpion, a lost soul bent on revenge. Back on Earthrealm, Lord Raiden gathers a team of elite warriors – Shaolin monk Liu Kang, Special Forces officer Sonya Blade and action star Johnny Cage – an unlikely band of heroes with one chance to save humanity. To do this, they must defeat Shang Tsung''s horde of Outworld gladiators and reign over the Mortal Kombat tournament.', '/4VlXER3FImHeFuUjBShFamhIp9M.jpg', 'Mortal Kombat Legends: Scorpion''s Revenge', 8.1, 1288, '2020-04-12'),
(1036561, NOW(), '/67ZsRKbItt6B1yHlsJKgfPWOyuJ.jpg', 'en', 'After being slain by a group of criminals, a man is reborn with animal-like superpowers and makes it his mission to right the wrongs of his city.', '/67ZsRKbItt6B1yHlsJKgfPWOyuJ.jpg', 'Shadow Master', 6.8, 84, '2022-11-03'),
(1074215, NOW(), '/aoZavx0mv8FrqkysIsgj89CGza.jpg', 'zh', NULL, '/aoZavx0mv8FrqkysIsgj89CGza.jpg', '红楼梦淫史', 5.0, 1, '1987-01-01'),
(157336, NOW(), '/gEU2QniE6E77NI6lCU6MxlNBvIx.jpg', 'en', 'The adventures of a group of explorers who make use of a newly discovered wormhole to surpass the limitations on human space travel and conquer the vast distances involved in an interstellar voyage.', '/gEU2QniE6E77NI6lCU6MxlNBvIx.jpg', 'Interstellar', 8.4, 32603, '2014-11-05'),
(940241, NOW(), '/eYGyR8xF8emNs9AJAJSyLXu56kR.jpg', 'en', 'A hijacked 767 will crash in just 97 minutes when its fuel runs out. Against the strong will of NSA Deputy Toyin, NSA Director Hawkins prepares to have the plane shot down before it does any catastrophic damage on the ground, leaving the fate of the innocent passengers in the hands of Tyler, one of the alleged hijackers on board who is an undercover Interpol agent - or is he?', '/eYGyR8xF8emNs9AJAJSyLXu56kR.jpg', '97 Minutes', 4.8, 38, '2023-06-09'),
(1059811, NOW(), '/pq2p8ovf8PZps2HafvJaLrZK8gS.jpg', 'en', 'Single mum Flora is at a loss about what to do with her rebellious teenage son, Max. Her efforts to keep him out of trouble lead to a beat-up acoustic guitar, a washed-up LA musician, and harmony for this frayed Dublin family.', '/pq2p8ovf8PZps2HafvJaLrZK8gS.jpg', 'Flora and Son', 7.1, 30, '2023-09-21'),
(832502, NOW(), '/i6ye8ueFhVE5pXatgyRrZ83LBD8.jpg', 'en', 'A stick-wielding monkey teams with a young girl on an epic quest for immortality, battling demons, dragons, gods — and his own ego — along the way.', '/i6ye8ueFhVE5pXatgyRrZ83LBD8.jpg', 'The Monkey King', 6.8, 173, '2023-08-11'),
(1179498, NOW(), '/gGEsBPAijhVUFoiNpgZXqRVWJt2.jpg', 'en', 'Despite his family''s baffling generations-old ban on music, Miguel dreams of becoming an accomplished musician like his idol, Ernesto de la Cruz. Desperate to prove his talent, Miguel finds himself in the stunning and colorful Land of the Dead following a mysterious chain of events. Along the way, he meets charming trickster Hector, and together, they set off on an extraordinary journey to unlock the real story behind Miguel''s family history.', '/gGEsBPAijhVUFoiNpgZXqRVWJt2.jpg', 'Coco', 8.2, 17767, '2017-10-27'),
(1179499, NOW(), '/gcd5TJwXLWeQ2Dn0aRxI8OJIIxK.jpg', 'en', 'When an international terrorist cult threatens global political stability and kidnaps a fellow agent, Ace Sniper Brandon Beckett and the newly-formed Global Response & Intelligence Team – or G.R.I.T. – led by Colonel Stone must travel across the world to Malta, infiltrate the cult, and take out its leader to free Lady Death and stop the global threat.', '/gcd5TJwXLWeQ2Dn0aRxI8OJIIxK.jpg', 'Sniper: G.R.I.T. - Global Response & Intelligence Team', 7.4, 0, '2023-09-26'),
(980489, NOW(), '/51tqzRtKMMZEYUpSYkrUE7v9ehm.jpg', 'en', 'The ultimate wish-fulfillment tale of a teenage Gran Turismo player whose gaming skills won him a series of Nissan competitions to become an actual professional racecar driver.', '/51tqzRtKMMZEYUpSYkrUE7v9ehm.jpg', 'Gran Turismo', 8.0, 763, '2023-08-09'),
(565770, NOW(), '/mXLOHHc1Zeuwsl4xYKjKh2280oL.jpg', 'en', 'Recent college grad Jaime Reyes returns home full of aspirations for his future, only to find that home is not quite as he left it. As he searches to find his purpose in the world, fate intervenes when Jaime unexpectedly finds himself in possession of an ancient relic of alien biotechnology: the Scarab.', '/mXLOHHc1Zeuwsl4xYKjKh2280oL.jpg', 'Blue Beetle', 7.1, 1124, '2023-08-16');

-- Insert data into movies_genres table
INSERT INTO public.movies_genres (movie_id, genre_id)
VALUES
(968051, 27),
(968051, 9648),
(968051, 53),
(299536, 12),
(299536, 28),
(299536, 878),
(1015936, 27),
(840326, 28),
(840326, 10752),
(852881, 18),
(852881, 10749),
(537915, 10749),
(537915, 18),
(1115694, 27),
(813477, 28),
(813477, 18),
(505642, 28),
(505642, 12),
(4255, 35),
(4255, 18),
(1061181, 28),
(977246, 27),
(977246, 9648),
(977246, 12),
(616747, 14),
(616747, 35),
(1103825, 878),
(1103825, 9648),
(995012, 9648),
(995012, 53),
(507086, 12),
(507086, 28),
(507086, 878),
(1000475, 9648),
(1000475, 53),
(672, 12),
(672, 14),
(3933, 10749),
(3933, 14),
(3933, 16),
(937249, 53),
(937249, 878),
(427641, 28),
(427641, 12),
(427641, 878),
(958182, 18),
(977177, 27),
(977177, 53),
(977177, 9648),
(37265, 35),
(37265, 18),
(675353, 28),
(675353, 12),
(675353, 35),
(507089, 27),
(507089, 53),
(868759, 28),
(868759, 35),
(868759, 10749),
(856289, 14),
(856289, 10752),
(411, 12),
(411, 14),
(411, 10751),
(616037, 14),
(616037, 28),
(616037, 35),
(61108, 18),
(61108, 10749),
(991708, 35),
(991708, 14),
(921452, 18),
(921452, 36),
(921452, 10749),
(656216, 10751),
(656216, 35),
(656216, 12),
(664767, 16),
(664767, 28),
(664767, 14),
(1036561, 28),
(1036561, 14),
(1036561, 53),
(1074215, 10749),
(1074215, 18),
(157336, 12),
(157336, 18),
(157336, 878),
(940241, 53),
(940241, 28),
(1059811, 10402),
(1059811, 35),
(1059811, 18),
(832502, 16),
(832502, 14),
(832502, 12),
(832502, 10751),
(1179498, 10751),
(1179498, 16),
(1179498, 14),
(1179498, 10402),
(1179498, 35),
(1179498, 12),
(1179499, 28),
(1179499, 53),
(980489, 28),
(980489, 18),
(565770, 28),
(565770, 878);

-- Insert user data first
INSERT INTO auth.users (id, email, encrypted_password, email_confirmed_at, created_at, updated_at, raw_app_meta_data, raw_user_meta_data, is_super_admin, role)
VALUES (
  '564e1f9f-b51e-44df-a932-2be78464b057',
  'test@example.com',
  crypt('password123', gen_salt('bf')),
  NOW(),
  NOW(),
  NOW(),
  '{"provider": "email", "providers": ["email"]}',
  '{}',
  false,
  'authenticated'
);

-- Insert data into watchlist table
INSERT INTO public.watchlist (watchlist_id, user_id, movie_id, has_watched)
VALUES
(559, '564e1f9f-b51e-44df-a932-2be78464b057', 968051, false); 